Real,Imag
-10.7038,-4.76519
-11.1754,-3.37716
-11.4858,-1.94304
-11.6308,-0.481636
-11.6082,0.987896
-11.4181,2.44626
-11.0628,3.8743
-10.5469,5.25324
-9.87689,6.56493
-9.06156,7.79211
-8.11146,8.91862
-7.039,9.9296
-5.8582,10.8117